"Property detail for 2002 N Yarmouth Ct Siloam Springs, AR 72","$305,000","Property detail for 2002 N Yarmouth Ct Siloam Springs, AR 72761 House for sale $305,000 $15k 4bed 2bath 1,630sqft 1,630 square feet 0.27acre lot 0.27 acre lot 2002 N Yarmouth Ct Siloam Springs, AR 72761 Email Agent","Property detail for 2002 N Yarmouth Ct Siloam Springs, AR 72761 House for sale $305,000 $15k 4bed 2bath 1,630sqft 1,630 square feet 0.27acre lot 0.27 acre lot 2002 N Yarmouth Ct Siloam Springs, AR 72761 Email Agent","72761"
"Property detail for 716 S Washington St Siloam Springs, AR 7","$320,000","Property detail for 716 S Washington St Siloam Springs, AR 72761 House for sale $320,000 5bed 2bath 2,698sqft 2,698 square feet 0.31acre lot 0.31 acre lot 716 S Washington St Siloam Springs, AR 72761 Email Agent","Property detail for 716 S Washington St Siloam Springs, AR 72761 House for sale $320,000 5bed 2bath 2,698sqft 2,698 square feet 0.31acre lot 0.31 acre lot 716 S Washington St Siloam Springs, AR 72761 Email Agent","72761"
"Property detail for 617 E Delaware St Siloam Springs, AR 727","$385,000","Property detail for 617 E Delaware St Siloam Springs, AR 72761 House for sale $385,000 $1k 3bed 2.5bath 2,500sqft 2,500 square feet 0.34acre lot 0.34 acre lot 617 E Delaware St Siloam Springs, AR 72761 Email Agent","Property detail for 617 E Delaware St Siloam Springs, AR 72761 House for sale $385,000 $1k 3bed 2.5bath 2,500sqft 2,500 square feet 0.34acre lot 0.34 acre lot 617 E Delaware St Siloam Springs, AR 72761 Email Agent","72761"
"Property detail for The Commons at Endura Park 3009 N Arden ","$1,350","Property detail for The Commons at Endura Park 3009 N Arden Way, Siloam Springs, AR 72761 For Rent - Apartment $1,350 - $1,425 3bed 2bath 1,315 - 1,406 square feet pet friendly policy The Commons at Endura Park 3009 N Arden Way, Siloam Springs, AR 72761","Property detail for The Commons at Endura Park 3009 N Arden Way, Siloam Springs, AR 72761 For Rent - Apartment $1,350 - $1,425 3bed 2bath 1,315 - 1,406 square feet pet friendly policy The Commons at Endura Park 3009 N Arden Way, Siloam Springs, AR 72761","72761"
"Property detail for Siloam Springs, AR 72761 For Rent - Othe","$1,250","Property detail for Siloam Springs, AR 72761 For Rent - Other $1,250 2bed 2bath 1,452sqft 1,452 square feet Siloam Springs, AR 72761","Property detail for Siloam Springs, AR 72761 For Rent - Other $1,250 2bed 2bath 1,452sqft 1,452 square feet Siloam Springs, AR 72761","72761"
"Property detail for 1014 N Hico St Unit B Siloam Springs, AR","$1,000","Property detail for 1014 N Hico St Unit B Siloam Springs, AR 72761 Pending $1,000 2bed 1bath 868sqft 868 square feet pet friendly policy 1014 N Hico St Unit B Siloam Springs, AR 72761","Property detail for 1014 N Hico St Unit B Siloam Springs, AR 72761 Pending $1,000 2bed 1bath 868sqft 868 square feet pet friendly policy 1014 N Hico St Unit B Siloam Springs, AR 72761","72761"
"Property detail for 100 Ravenwood Blvd Unit B Siloam Springs","$1,650","Property detail for 100 Ravenwood Blvd Unit B Siloam Springs, AR 72761 For Rent - Other $1,650 4bed 2bath 2,300sqft 2,300 square feet 100 Ravenwood Blvd Unit B Siloam Springs, AR 72761","Property detail for 100 Ravenwood Blvd Unit B Siloam Springs, AR 72761 For Rent - Other $1,650 4bed 2bath 2,300sqft 2,300 square feet 100 Ravenwood Blvd Unit B Siloam Springs, AR 72761","72761"
"Property detail for 2006 E Annette Dr Siloam Springs, AR 727","$1,295","Property detail for 2006 E Annette Dr Siloam Springs, AR 72761 For Rent - House $1,295 3bed 2bath 1,013sqft 1,013 square feet 2006 E Annette Dr Siloam Springs, AR 72761","Property detail for 2006 E Annette Dr Siloam Springs, AR 72761 For Rent - House $1,295 3bed 2bath 1,013sqft 1,013 square feet 2006 E Annette Dr Siloam Springs, AR 72761","72761"
"","$0","","","00000"
"Property detail for 215 Oakcrest Rd Siloam Springs, AR 72761","$269,000","Property detail for 215 Oakcrest Rd Siloam Springs, AR 72761 House for sale $269,000 3bed 2bath 1,301sqft 1,301 square feet 0.69acre lot 0.69 acre lot 215 Oakcrest Rd Siloam Springs, AR 72761 Email Agent","Property detail for 215 Oakcrest Rd Siloam Springs, AR 72761 House for sale $269,000 3bed 2bath 1,301sqft 1,301 square feet 0.69acre lot 0.69 acre lot 215 Oakcrest Rd Siloam Springs, AR 72761 Email Agent","72761"
"Property detail for 3902 Short Ln Siloam Springs, AR 72761 H","$724,000","Property detail for 3902 Short Ln Siloam Springs, AR 72761 House for sale $724,000 5bed 4.5bath 3,500sqft 3,500 square feet 3.54acre lot 3.54 acre lot 3902 Short Ln Siloam Springs, AR 72761 Email Agent","Property detail for 3902 Short Ln Siloam Springs, AR 72761 House for sale $724,000 5bed 4.5bath 3,500sqft 3,500 square feet 3.54acre lot 3.54 acre lot 3902 Short Ln Siloam Springs, AR 72761 Email Agent","72761"
"Property detail for Tract 2 Sheffield Rd Siloam Springs, AR ","$120,000","Property detail for Tract 2 Sheffield Rd Siloam Springs, AR 72761 Land for sale $120,000 2.38acre lot 2.38 acre lot Tract 2 Sheffield Rd Siloam Springs, AR 72761 Email Agent","Property detail for Tract 2 Sheffield Rd Siloam Springs, AR 72761 Land for sale $120,000 2.38acre lot 2.38 acre lot Tract 2 Sheffield Rd Siloam Springs, AR 72761 Email Agent","72761"
"Property detail for 1253 E Ridge View Dr Siloam Springs, AR ","$349,999","Property detail for 1253 E Ridge View Dr Siloam Springs, AR 72761 House for sale $349,999 $1 4bed 2.5bath 2,658sqft 2,658 square feet 8,712sqft lot 8,712 square foot lot 1253 E Ridge View Dr Siloam Springs, AR 72761 Email Agent","Property detail for 1253 E Ridge View Dr Siloam Springs, AR 72761 House for sale $349,999 $1 4bed 2.5bath 2,658sqft 2,658 square feet 8,712sqft lot 8,712 square foot lot 1253 E Ridge View Dr Siloam Springs, AR 72761 Email Agent","72761"
"1019 W WESCOTT Drive, Phoenix, AZ 85027","$595,000","$595,000 4 bds2 ba2,299 sqftHouse for sale 1019 W WESCOTT Drive, Phoenix, AZ 85027 REAL BROKER. Listing provided by ARMLS More Wide open floor plan Save","$595,000 4 bds2 ba2,299 sqftHouse for sale 1019 W WESCOTT Drive, Phoenix, AZ 85027 REAL BROKER. Listing provided by ARMLS More Wide open floor plan Save","85027"
"18250 N 39th Avenue, Glendale, AZ 85308","$440,000","$440,000 3 bds2 ba1,417 sqftHouse for sale 18250 N 39th Avenue, Glendale, AZ 85308 DPR REALTY LLC. Listing provided by ARMLS More Refinished pool deck Save","$440,000 3 bds2 ba1,417 sqftHouse for sale 18250 N 39th Avenue, Glendale, AZ 85308 DPR REALTY LLC. Listing provided by ARMLS More Refinished pool deck Save","18250"
"5623 W MALDONADO Road, Laveen, AZ 85339","$489,000","$489,000 4 bds2 ba2,223 sqftHouse for sale 5623 W MALDONADO Road, Laveen, AZ 85339 EXP REALTY. Listing provided by ARMLS More Open: Sun 12-4pm (3/29) Save","$489,000 4 bds2 ba2,223 sqftHouse for sale 5623 W MALDONADO Road, Laveen, AZ 85339 EXP REALTY. Listing provided by ARMLS More Open: Sun 12-4pm (3/29) Save","85339"
"5115 W NOVAK Way, Laveen, AZ 85339","$430,000","$430,000 4 bds3 ba2,509 sqftHouse for sale 5115 W NOVAK Way, Laveen, AZ 85339 HOMESMART. Listing provided by ARMLS More Soaring ceilings Save","$430,000 4 bds3 ba2,509 sqftHouse for sale 5115 W NOVAK Way, Laveen, AZ 85339 HOMESMART. Listing provided by ARMLS More Soaring ceilings Save","85339"
"14240 N 41ST Avenue, Phoenix, AZ 85053","$499,995","$499,995 4 bds3 ba2,278 sqftHouse for sale 14240 N 41ST Avenue, Phoenix, AZ 85053 RESIDENT REALTY. Listing provided by ARMLS More Bright open floor plan Save","$499,995 4 bds3 ba2,278 sqftHouse for sale 14240 N 41ST Avenue, Phoenix, AZ 85053 RESIDENT REALTY. Listing provided by ARMLS More Bright open floor plan Save","14240"
